ACTG 211,ACTG 210
ACTG 315,ACTG 210
ACTG 315,ACTG 211
ACTG 316,ACTG 315
ACTG 326,ACTG 210
ACTG 326,ACTG 211
ACTG 355,ACTG 211
ACTG 394,ACTG 316
ACTG 394,ACTG 326
ACTG 396,ACTG 316
ACTG 396,ACTG 326
ACTG 417,ACTG 316
ACTG 435,ACTG 316
CS 107,MATH 180
CS 141,CS 111
CS 141,MATH 180
CS 151,MATH 180
CS 151,CS 111
CS 211,CS 141
CS 251,CS 141
CS 261,CS 141
CS 277,CS 141
CS 301,CS 151
CS 341,CS 211
CS 341,CS 251
CS 341,CS 261
CS 342,CS 211
CS 342,CS 251
CS 361,CS 211
CS 361,CS 251
CS 361,CS 261
CS 362,CS 211
CS 362,CS 261
CS 377,CS 251
CS 401,CS 251
CS 411,CS 251
CS 412,CS 251
CS 412,IE 342
CLJ 200,CLJ 101
CLJ 210,CLJ 101
CLJ 220,CLJ 101
CLJ 321,CLJ 101
CLJ 321,CLJ 210
CLJ 321,CLJ 220
CLJ 345,CLJ 101
CLJ 345,CLJ 210
CLJ 345,CLJ 220
CLJ 350,CLJ 101
CLJ 350,CLJ 210
CLJ 350,CLJ 220
CLJ 361,CLJ 101
CLJ 361,CLJ 210
CLJ 361,CLJ 220
CLJ 363,CLJ 101
CLJ 363,CLJ 210
CLJ 363,CLJ 220
IE 201,MATH 181
IE 342,MATH 181
IE 397,IE 396
IE 446,IE 342
MKTG 370,MKTG 360
MKTG 452,MKTG 370
MKTG 458,MKTG 360
MKTG 458,MKTG 462
MKTG 459,MKTG 360
MKTG 460,MKTG 360
MKTG 461,MKTG 360
MKTG 464,MKTG 360
MKTG 465,MKTG 461
MKTG 467,MKTG 460
MKTG 469,MKTG 360
MKTG 470,MKTG 360
MKTG 473,MKTG 360
MKTG 474,MKTG 461
MATH 181,MATH 180
MATH 210,MATH 181
MATH 215,MATH 181
MATH 220,MATH 210
MATH 310,MATH 181
MATH 320,MATH 215
MATH 410,MATH 210
MATH 411,MATH 410
MATH 425,MATH 320
MATH 430,MATH 215
MATH 435,MATH 215
NEUS 483,PSCH 262
NEUS 502,NEUS 501
PHYS 141,MATH 180
PHYS 141,PHYS 100
PHYS 142,MATH 181
PHYS 142,PHYS 142
PHYS 215,PHYS 142
PHYS 215,MATH 181
PHYS 230,PHYS 142
PHYS 230,MATH 181
PHYS 240,PHYS 142
PHYS 240,MATH 181
PSCH 210,PSCH 100
PSCH 231,PSCH 100
PSCH 242,PSCH 100
PSCH 262,PSCH 100
PSCH 270,PSCH 100
PSCH 231,PSCH 242
SPAN 202,SPAN 104
SPAN 102,SPAN 101
SPAN 103,SPAN 102
SPAN 104,SPAN 103